group,symbol,radius
1,AAL,3
2,AAME,4
2,AAOI,5
3,AAON,6
2,AAPC,7
2,AAPL,4
2,AAVL,5
3,AAWW,6
2,AAXJ,7
2,ABAC,9
2,ABAX,3
2,ABCB,5
2,ABCD,3
3,ABCO,4
2,ABCW,5
3,ABDC,6
2,ABEO,7
2,ABEOW,4
1,ABIO,5
2,ABMD,6
2,ABTL,7
3,ABTX,9
3,ABUS,3
3,ABY,5
2,ACAD,3
2,ACAS,4
2,ACAT,5
3,ACBI,6
3,ACET,7
1,ACFC,4
2,ACGL,5
2,ACHC,6
2,ACHN,7
2,ACIW,9
2,ACLS,3
3,ACNB,5
2,ACOR,3
2,ACPW,4
2,ACRS,5
3,ACRX,6
3,ACSF,7
2,ACST,4
2,ACTA,5
3,ACTG,6
3,ACTS,7
2,ACTX,9
2,ACWI,3
2,ACWX,5
2,ACXM,3
2,ADAP,4
1,ADAT,5
2,ADBE,6
2,ADHD,7
2,ADI,4
2,ADMA,5
2,ADMP,6
2,ADMS,7
3,ADP,9
2,ADRA,3
2,ADRD,5
2,ADRE,3
2,ADRO,4
2,ADRU,5
2,ADSK,6
2,ADTN,7
1,ADUS,4
3,ADXS,5
3,ADXSW,6
1,AEGR,7
3,AEHR,9
2,AEIS,3
2,AEMD,5
2,AEPI,3
3,AERI,4
1,AETI,5
2,AEY,6
2,AEZS,7
2,AFAM,4
3,AFCB,5
2,AFFX,6
1,AFH,7
3,AFMD,9
2,AFOP,3
3,AFSI,5
2,AGEN,3
3,AGFS,4
3,AGFSW,5
2,AGIIL,6
2,AGMX,7
2,AGNCB,4
2,AGNCP,5
2,AGRX,6
2,AGTC,7
3,AGYS,9
3,AGZD,3
2,AHGP,5
2,AHPI,3
2,AIMC,4
1,AIMT,5
1,AINV,6
2,AIQ,7
2,AIRM,4
2,AIRR,5
2,AIRT,6
2,AIXG,7
1,AKAM,9
2,AKAO,3
2,AKBA,5
3,AKER,3
2,AKRX,4
2,AKTX,5
2,ALCO,6
3,ALDR,7
2,ALDX,4
2,ALGN,5
2,ALGT,6
2,ALIM,7
2,ALKS,9
2,ALLT,3
2,ALNY,5
2,ALOG,3
2,ALOT,4
2,ALQA,5
2,ALRM,6
1,ALSK,7
2,ALTR,4
2,ALTY,5
2,ALXN,6
2,AMAG,7
1,AMAT,9
2,AMBA,3
2,AMBC,5
1,AMBCW,3
1,AMCN,4
3,AMCX,5
2,AMD,6
2,AMDA,7
2,AMED,4
2,AMEH,5
2,AMIC,6
2,AMKR,7
2,AMNB,9
3,AMOT,3
3,AMOV,5
2,AMPH,3
1,AMRB,4
2,AMRI,5
1,AMRK,6
2,AMRN,7
3,AMRS,4
3,AMSC,5
2,AMSF,6
2,AMSG,7
2,AMSGP,9
3,AMSWA,3
3,AMTX,5
2,AMWD,3
2,AMZN,4
2,ANAC,5
2,ANAD,6
2,ANAT,7
2,ANCB,4
2,ANCX,5
3,ANDA,6
2,ANDE,7
1,ANGI,9
1,ANGO,3
3,ANIK,5
1,ANIP,3
3,ANSS,4
2,ANTE,5
3,ANY,6
2,AOSL,7
3,APDN,4
2,APDNW,5
3,APIC,6
3,APLP,7
1,APOG,9
2,APOL,3
1,APPF,5
1,APPS,3
2,APPY,4
2,APRI,5
2,APTO,6
2,APWC,7
2,AQMS,4
2,AQXP,5
3,ARAY,6
1,ARBR,7
1,ARCC,9
2,ARCI,3
2,ARCW,5
2,ARDM,3
2,ARDX,4
3,AREX,5
2,ARGS,6
2,ARIA,7
2,ARII,4
2,ARIS,5
2,ARKR,6
2,ARLP,7
2,ARMH,9
2,ARNA,3
3,AROW,5
3,ARQL,3
2,ARRS,4
2,ARRY,5
1,ARTNA,6
3,ARTW,7
2,ARTX,4
2,ARWA,5
2,ARWAR,6
3,ASBB,7
2,ASBI,9
2,ASCMA,3
3,ASEI,5
3,ASFI,3
2,ASMB,4
2,ASML,5
2,ASNA,6
2,ASND,7
3,ASPS,4
3,ASRV,5
2,ASRVP,6
2,ASTE,7
1,ASTI,9
2,ASUR,3
2,ASYS,5
2,ATAI,3
2,ATAX,4
3,ATEC,5
2,ATHN,6
2,ATHX,7
2,ATLC,4
2,ATLO,5
3,ATML,6
2,ATNI,7
2,ATNY,9
2,ATOS,3
2,ATRA,5
1,ATRC,3
1,ATRI,4
1,ATRO,5
1,ATRS,6
3,ATSG,7
1,ATTU,4
3,ATVI,5
2,AUBN,6
2,AUDC,7
2,AUMA,9
3,AUMAU,3
2,AVAV,5
1,AVEO,3
2,AVGO,4
2,AVGR,5
3,AVHI,6
3,AVID,7
3,AVNU,4
2,AVNW,5
2,AVXL,6
2,AWAY,7
2,AWRE,9
2,AXAS,3
2,AXDX,5
1,AXGN,3
2,AXPW,4
2,AXPWW,5
2,AXTI,6
2,AYA,7
2,AZPN,4
2,BABY,5
2,BAMM,6
2,BANF,7
1,BANFP,9
2,BANR,3
2,BANX,5
2,BASI,3
2,BBBY,4
2,BBC,5
2,BBCN,6
2,BBEP,7
3,BBEPP,4
2,BBGI,5
2,BBLU,6
2,BBOX,7
2,BBP,9
2,BBRG,3
2,BBRY,5
2,BBSI,3
3,BCBP,4
2,BCDA,5
2,BCOM,6
1,BCOR,7
3,BCOV,4
3,BCPC,5
2,BCRX,6
1,BDBD,7
1,BDCV,9
2,BDE,3
2,BDGE,5
1,BDMS,3
2,BDSI,4
3,BEAT,5
3,BEAV,6
2,BEBE,7
2,BECN,4
2,BELFA,5
3,BELFB,6
3,BFIN,7
3,BGCP,9
2,BGFV,3
3,BHAC,5
2,BHACR,3
3,BIB,4
1,BICK,5
2,BIDU,6
2,BIIB,7
2,BIND,4
2,BIOC,5
2,BIOD,6
2,BIOL,7
2,BIOS,9
2,BIS,3
2,BITE,5
2,BJRI,3
2,BKCC,4
1,BKEP,5
3,BKEPP,6
3,BKMU,7
3,BKSC,4
2,BLBD,5
3,BLCM,6
1,BLDP,7
3,BLDR,9
2,BLFS,3
2,BLIN,5
2,BLKB,3
2,BLMN,4
2,BLMT,5
3,BLPH,6
2,BLRX,7
2,BLUE,4
2,BLVD,5
3,BMRN,6
2,BMTC,7
3,BNCL,9
2,BNCN,3
1,BNDX,5
2,BNFT,3
2,BNSO,4
2,BNTC,5
2,BNTCW,6
1,BOCH,7
2,BOFI,4
2,BOJA,5
1,BOKF,6
2,BONA,7
1,BONT,9
2,BOOM,3
2,BOSC,5
2,BOTA,3
2,BOTJ,4
2,BOXL,5
1,BPFHP,6
1,BPOP,7
2,BPOPM,4
3,BPTH,5
2,BRCD,6
2,BRCM,7
2,BREW,9
2,BRID,3
2,BRKL,5
1,BRKR,3
2,BRKS,4
1,BSET,5
3,BSF,6
3,BSFT,7
2,BSPM,4
2,BSQR,5
2,BSRR,6
3,BSTC,7
3,BUFF,9
2,BUR,3
2,BUSE,5
1,BV,3
3,BVA,4
2,BVSN,5
2,BVXV,6
2,BVXVW,7
2,BWFG,4
2,BWINA,5
3,BWINB,6
3,BWLD,7
2,BYBK,9
2,BYFC,3
2,BYLK,5
2,BZUN,3
3,CA,4
2,CAAS,5
3,CAC,6
3,CACB,7
3,CACC,4
2,CACQ,5
1,CADC,6
2,CADT,7
2,CADTR,9
1,CAKE,3
2,CALA,5
2,CALD,3
2,CALI,4
2,CALL,5
2,CALM,6
2,CAMB,7
2,CAMBU,4
1,CAMT,5
2,CAPN,6
2,CAPNW,7
2,CAPX,9
2,CARA,3
3,CARB,5
3,CARO,3
2,CART,4
2,CARV,5
2,CARZ,6
2,CASH,7
3,CASI,4
2,CASM,5
2,CASS,6
1,CASY,7
2,CATB,9
2,CATM,3
2,CATY,5
2,CATYW,3
2,CBAK,4
2,CBAN,5
2,CBAY,6
2,CBF,7
2,CBFV,4
2,CBIO,5
2,CBLI,6
2,CBMG,7
3,CBMX,9
2,CBNJ,3
2,CBNK,5
2,CBOE,3
2,CBPO,4
2,CBRL,5
2,CBSH,6
2,CBSHP,7
2,CBYL,4
2,CCBG,5
3,CCCL,6
2,CCCR,7
2,CCD,9
3,CCFI,3
3,CCLP,5
3,CCMP,3
2,CCNE,4
3,CCOI,5
2,CCRN,6
1,CCUR,7
2,CCXI,4
3,CDC,5
2,CDK,6
2,CDL,7
2,CDNS,9
2,CDOR,3
2,CDORO,5
2,CDORP,3
2,CDTI,4
2,CDTX,5
3,CDW,6
2,CDXS,7
2,CDZI,4
2,CECE,5
3,CECO,6
3,CELG,7
2,CELGZ,9
2,CEMP,3
2,CENT,5
1,CENTA,3
1,CENX,4
3,CERC,5
2,CERCW,6
2,CERN,7
2,CERS,4
3,CERU,5
2,CETC,6
2,CETV,7
3,CETX,9
2,CEVA,3
3,CFA,5
2,CFBK,3
2,CFCB,4
2,CFFI,5
2,CFFN,6
2,CFGE,7
2,CFMS,4
1,CFNB,5
2,CFNL,6
1,CFO,7
2,CFRX,9
2,CFRXW,3
2,CGEN,5
3,CGIX,3
2,CGNT,4
2,CGNX,5
2,CGO,6
2,CHCI,7
2,CHCO,4
1,CHDN,5
2,CHEF,6
3,CHEK,7
2,CHEKW,9
2,CHFC,3
2,CHFN,5
3,CHI,3
1,CHKE,4
2,CHKP,5
2,CHLN,6
2,CHMA,7
3,CHMG,4
2,CHNR,5
2,CHOP,6
2,CHRS,7
2,CHRW,9
2,CHSCL,3
3,CHSCN,5
3,CHSCO,3
3,CHSCP,4
3,CHTR,5
2,CHUY,6
3,CHW,7
3,CHY,4
1,CIBR,5
2,CIFC,6
2,CIGI,7
2,CIL,9
2,CISG,3
1,CIVB,5
2,CIVBP,3
2,CJJD,4
2,CKEC,5
1,CLACU,6
3,CLBH,7
2,CLBS,4
2,CLCD,5
2,CLCT,6
2,CLDN,7
2,CLDX,9
2,CLFD,3
3,CLIR,5
2,CLLS,3
2,CLMS,4
3,CLMT,5
2,CLNE,6
3,CLNT,7
2,CLRB,4
2,CLRBW,5
2,CLSN,6
2,CLUB,7
2,CLVS,9
2,CLWT,3
2,CMCO,5
3,CMCSA,3
2,CMCSK,4
2,CMCT,5
2,CME,6
2,CMFN,7
2,CMLS,4
2,CMPR,5
2,CMRX,6
2,CMTL,7
3,CNAT,9
2,CNBKA,3
3,CNCE,5
3,CNCR,3
2,CNFR,4
2,CNIT,5
2,CNLM,6
2,CNLMR,7
2,CNOB,4
1,CNSL,5
2,CNTF,6
2,CNTY,7
2,CNV,9
2,CNXR,3
2,CNYD,5
2,COB,3
3,COBZ,4
1,COHR,5
2,COHU,6
3,COKE,7
2,COLB,4
2,COLL,5
3,COLM,6
2,COMM,7
2,COMT,9
3,CONE,3
2,CONN,5
1,COOL,3
2,CORE,4
2,CORI,5
2,CORT,6
1,COSI,7
2,COST,4
2,COVS,5
2,COWN,6
3,COWNL,7
2,COYNW,9
2,CPHC,3
2,CPHD,5
2,CPHR,3
2,CPIX,4
2,CPLA,5
1,CPLP,6
1,CPRT,7
2,CPRX,4
3,CPSH,5
2,CPSI,6
3,CPSS,7
2,CPST,9
2,CPTA,3
3,CPXX,5
2,CRAI,3
3,CRAY,4
2,CRBP,5
2,CRDC,6
2,CRDI,7
2,CRDT,4
2,CREE,5
2,CREG,6
2,CRESY,7
1,CRIS,9
3,CRME,3
2,CRMT,5
3,CRNT,3
2,CROX,4
1,CRTN,5
2,CRTO,6
2,CRUS,7
2,CRVL,4
1,CRWN,5
2,CRWS,6
2,CRZO,7
2,CSA,9
2,CSB,3
3,CSBR,5
2,CSCD,3
3,CSCO,4
2,CSF,5
2,CSFL,6
1,CSGP,7
2,CSGS,4
2,CSII,5
3,CSIQ,6
2,CSOD,7
2,CSPI,9
2,CSQ,3
2,CSTE,5
2,CSUN,3
2,CSWC,4
3,CSWI,5
1,CTAS,6
2,CTBI,7
1,CTCM,4
3,CTCT,5
2,CTG,6
2,CTHR,7
2,CTIB,9
2,CTIC,3
3,CTMX,5
3,CTRE,3
3,CTRL,4
2,CTRN,5
3,CTRP,6
2,CTRV,7
2,CTSH,4
2,CTSO,5
2,CTWS,6
3,CTXS,7
2,CU,9
2,CUBA,3
2,CUBN,5
2,CUI,3
2,CUNB,4
3,CUR,5
2,CUTR,6
2,CVBF,7
2,CVCO,4
1,CVCY,5
2,CVGI,6
2,CVGW,7
1,CVLT,9
2,CVLY,3
2,CVTI,5
3,CVV,3
2,CWAY,4
2,CWBC,5
2,CWCO,6
2,CWST,7
3,CXDC,4
3,CXRX,5
2,CXSE,6
2,CY,7
2,CYAD,9
3,CYAN,3
2,CYBE,5
2,CYBR,3
2,CYCC,4
2,CYCCP,5
2,CYHHZ,6
3,CYNO,7
1,CYOU,4
2,CYRN,5
2,CYRX,6
2,CYRXW,7
3,CYTR,9
3,CYTX,3
2,CZFC,5
2,CZNC,3
3,CZR,4
2,CZWI,5
2,DAIO,6
2,DAKT,7
3,DARA,4
2,DATE,5
3,DAVE,6
2,DAX,7
3,DBVT,9
2,DCIX,3
2,DCOM,5
1,DCTH,3
2,DELT,4
2,DELTW,5
1,DEPO,6
2,DERM,7
1,DEST,4
2,DFRG,5
3,DFVL,6
2,DFVS,7
2,DGAS,9
2,DGICA,3
3,DGICB,5
3,DGII,3
3,DGLD,4
2,DGLY,5
2,DGRE,6
2,DGRS,7
2,DGRW,4
1,DHIL,5
1,DHRM,6
2,DHXM,7
3,DIOD,9
1,DISCA,3
2,DISCB,5
2,DISCK,3
2,DISH,4
2,DJCO,5
3,DLBL,6
2,DLBS,7
2,DLHC,4
2,DLTH,5
3,DLTR,6
2,DMLP,7
3,DMND,9
2,DMRC,3
3,DMTX,5
3,DNAI,3
1,DNBF,4
2,DNKN,5
2,DORM,6
2,DOX,7
2,DPRX,4
2,DRAD,5
2,DRAM,6
2,DRNA,7
3,DRRX,9
3,DRWI,3
2,DRWIW,5
2,DSCI,3
2,DSCO,4
2,DSGX,5
2,DSKX,6
2,DSKY,7
1,DSLV,4
2,DSPG,5
3,DSWL,6
2,DTEA,7
3,DTLK,9
2,DTRM,3
2,DTSI,5
3,DTUL,3
2,DTUS,4
2,DTYL,5
2,DTYS,6
2,DVAX,7
1,DVCR,4
2,DWA,5
2,DWAT,6
2,DWSN,7
2,DWTR,9
2,DXGE,3
3,DXJS,5
3,DXKW,3
2,DXLG,4
3,DXM,5
2,DXPE,6
3,DXPS,7
2,DXYN,4
2,DYAX,5
2,DYNT,6
2,DYSL,7
2,EA,9
2,EAC,3
2,EACQ,5
3,EACQU,3
2,EBAY,4
2,EBIO,5
2,EBIX,6
2,EBMT,7
2,EBSB,4
1,EBTC,5
3,ECAC,6
1,ECOL,7
1,ECPG,9
1,ECTE,3
2,ECYT,5
3,EDAP,3
2,EDGE,4
3,EDGW,5
2,EDUC,6
2,EEFT,7
2,EEI,4
2,EEMA,5
2,EEML,6
2,EFII,7
2,EFOI,9
2,EFSC,3
1,EFUT,5
2,EGAN,3
2,EGBN,4
2,EGHT,5
2,EGLE,6
2,EGLT,7
3,EGOV,4
2,EGRX,5
2,EGT,6
2,EHTH,7
3,EIGI,9
2,ELEC,3
3,ELECU,5
3,ELECW,3
1,ELNK,4
1,ELON,5
2,ELOS,6
3,ELRC,7
3,ELSE,4
2,ELTK,5
2,EMCB,6
2,EMCF,7
2,EMCG,9
2,EMCI,3
1,EMIF,5
2,EMITF,3
2,EMKR,4
3,EML,5
2,EMMS,6
2,EMMSP,7
2,ENDP,4
2,ENFC,5
2,ENG,6
2,ENOC,7
2,ENPH,9
2,ENSG,3
2,ENT,5
1,ENTA,3
1,ENTG,4
2,ENTL,5
3,ENZN,6
2,ENZY,7
3,EPAY,4
2,EPIQ,5
3,EPIX,6
2,EPRS,7
2,EPZM,9
1,EQBK,3
2,EQFN,5
2,EQIX,3
2,ERI,4
3,ERIC,5
2,ERIE,6
2,ERII,7
3,ERS,4
2,ERW,5
2,ESBK,6
2,ESCA,7
2,ESEA,9
2,ESES,3
2,ESGR,5
2,ESIO,3
2,ESLT,4
2,ESMC,5
2,ESND,6
2,ESPR,7
1,ESRX,4
2,ESSA,5
2,ESSF,6
2,ESXB,7
2,ETFC,9
2,ETRM,3
2,ETSY,5
1,EUFN,3
3,EVAR,4
2,EVBS,5
2,EVEP,6
2,EVK,7
2,EVLV,4
2,EVOK,5
2,EVOL,6
2,EWBC,7
2,EXA,9
2,EXAC,3
3,EXAS,5
1,EXEL,3
2,EXFO,4
2,EXLS,5
2,EXPD,6
2,EXPE,7
2,EXPO,4
2,EXTR,5
3,EXXI,6
2,EYEG,7
2,EYEGW,9
2,EZCH,3
1,EZPW,5
3,FALC,3
2,FANG,4
2,FARM,5
3,FARO,6
3,FAST,7
2,FATE,4
2,FB,5
2,FBIO,6
2,FBIZ,7
3,FBMS,9
2,FBNC,3
3,FBNK,5
3,FBRC,3
2,FBSS,4
2,FBZ,5
2,FCA,6
2,FCAN,7
2,FCAP,4
2,FCBC,5
3,FCCO,6
2,FCCY,7
2,FCEL,9
3,FCFP,3
2,FCFS,5
2,FCLF,3
2,FCNCA,4
2,FCS,5
2,FCSC,6
3,FCTY,7
2,FCVA,4
2,FCVT,5
3,FDIV,6
2,FDML,7
2,FDT,9
2,FDTS,3
2,FDUS,5
3,FEIC,3
2,FEIM,4
2,FELE,5
2,FEM,6
2,FEMB,7
2,FENX,4
2,FEP,5
3,FES,6
2,FEUZ,7
2,FEYE,9
2,FFBC,3
2,FFBCW,5
2,FFIC,3
1,FFIN,4
2,FFIV,5
2,FFKT,6
3,FFNM,7
2,FFNW,4
3,FFWM,5
3,FGBI,6
2,FGEN,7
2,FGM,9
3,FHCO,3
2,FHK,5
3,FIBK,3
2,FINL,4
1,FISI,5
3,FISV,6
2,FITB,7
2,FITBI,4
3,FIVE,5
2,FIVN,6
3,FIZZ,7
2,FJP,9
2,FKO,3
2,FKU,5
3,FLAG,3
2,FLAT,4
2,FLDM,5
3,FLEX,6
2,FLIC,7
3,FLIR,4
2,FLKS,5
3,FLL,6
2,FLML,7
1,FLN,9
2,FLWS,3
3,FLXN,5
3,FLXS,3
3,FMB,4
2,FMBH,5
3,FMBI,6
2,FMER,7
2,FMI,4
1,FMNB,5
3,FNBC,6
1,FNFG,7
2,FNGN,9
2,FNHC,3
3,FNJN,5
2,FNLC,3
3,FNSR,4
2,FNTC,5
2,FNTCU,6
3,FOGO,7
3,FOLD,4
2,FOMX,5
3,FONE,6
2,FONR,7
2,FORD,9
2,FORK,3
2,FORM,5
3,FORR,3
1,FORTY,4
3,FOSL,5
2,FOX,6
2,FOXA,7
2,FOXF,4
1,FPA,5
2,FPRX,6
1,FPXI,7
1,FRBA,9
2,FRBK,3
2,FRED,5
1,FREE,3
1,FRME,4
2,FRP,5
3,FRPH,6
3,FRPT,7
3,FRSH,4
3,FSAM,5
3,FSBK,6
2,FSBW,7
2,FSC,9
1,FSCFL,3
2,FSFR,5
3,FSLR,3
2,FSNN,4
2,FSTR,5
2,FSV,6
2,FSYS,7
2,FSZ,4
3,FTCS,5
2,FTD,6
1,FTEK,7
2,FTGC,9
3,FTHI,3
2,FTLB,5
2,FTNT,3
2,FTR,4
2,FTRPR,5
3,FTSM,6
2,FTW,7
2,FUEL,4
2,FULL,5
2,FULLL,6
2,FUNC,7
2,FUND,9
2,FV,3
2,FWM,5
2,FWP,3
1,FWRD,4
2,FXCB,5
3,FXEN,6
2,FXENP,7
2,GABC,4
3,GAI,5
2,GAIA,6
2,GAIN,7
3,GAINN,9
3,GALT,3
2,GALTU,5
3,GASS,3
2,GBCI,4
2,GBDC,5
1,GBIM,6
2,GBLI,7
1,GBLIZ,4
3,GBSN,5
2,GCBC,6
2,GCTS,7
2,GDEN,9
3,GENC,3
2,GENE,5
2,GEOS,3
2,GERN,4
1,GEVO,5
2,GFED,6
2,GFN,7
2,GFNCP,4
3,GGACR,5
2,GGACW,6
2,GHDX,7
1,GIFI,9
2,GIGA,3
2,GIGM,5
2,GIII,3
2,GILD,4
2,GILT,5
2,GK,6
2,GLAD,7
3,GLADO,4
2,GLBL,5
1,GLBS,6
2,GLBZ,7
2,GLDC,9
2,GLDD,3
3,GLDI,5
2,GLMD,3
2,GLNG,4
2,GLPG,5
2,GLPI,6
2,GLRE,7
1,GLRI,4
2,GLSS,5
3,GLYC,6
2,GMAN,7
2,GMCR,9
2,GMLP,3
1,GNBC,5
3,GNCA,3
2,GNCMA,4
1,GNMA,5
2,GNMK,6
3,GNOW,7
2,GNST,4
2,GNVC,5
2,GOGL,6
3,GOGO,7
2,GOLD,9
2,GOOD,3
3,GOODN,5
2,GOODP,3
2,GOOG,4
2,GOOGL,5
2,GPAC,6
3,GPACU,7
3,GPIAU,4
2,GPOR,5
2,GPP,6
3,GPRE,7
1,GPRO,9
2,GRBK,3
3,GRFS,5
2,GRID,3
2,GRIF,4
2,GRMN,5
2,GROW,6
2,GRPN,7
2,GRSH,4
2,GSBC,5
1,GSIG,6
3,GSIT,7
2,GSM,9
1,GSOL,3
3,GSVC,5
3,GT,3
2,GTIM,4
2,GTLS,5
1,GTWN,6
2,GTXI,7
2,GUID,4
2,GULF,5
2,GURE,6
2,GWGH,7
2,GWPH,9
2,GYRO,3
2,HABT,5
1,HAFC,3
1,HAIN,4
2,HALL,5
3,HALO,6
2,HART,7
2,HAS,4
2,HAWK,5
2,HAYN,6
3,HBAN,7
2,HBANP,9
3,HBHC,3
2,HBHCL,5
2,HBK,3
2,HBMD,4
2,HBNC,5
3,HBP,6
2,HCAC,7
3,HCACU,4
2,HCAPL,5
3,HCKT,6
1,HCOM,7
3,HCSG,9
2,HDNG,3
2,HDP,5
1,HDRA,3
2,HDRAR,4
2,HDSN,5
2,HEAR,6
2,HEES,7
1,HELE,4
2,HEOP,5
3,HERO,6
2,HFBC,7
2,HFBL,9
2,HFFC,3
2,HFWA,5
1,HGSH,3
2,HIBB,4
1,HIFS,5
3,HIHO,6
2,HIIQ,7
2,HIMX,4
2,HKTV,5
2,HLG,6
3,HLIT,7
3,HMHC,9
2,HMIN,3
2,HMNF,5
2,HMNY,3
2,HMPR,4
3,HMST,5
3,HMSY,6
1,HMTV,7
1,HNH,4
3,HNNA,5
2,HNRG,6
3,HNSN,7
2,HOFT,9
3,HOLI,3
2,HOLX,5
2,HOMB,3
2,HOTR,4
2,HOTRW,5
2,HPJ,6
2,HQCL,7
2,HQY,4
2,HRMN,5
2,HRMNU,6
1,HRZN,7
2,HSGX,9
2,HSIC,3
2,HSII,5
3,HSKA,3
3,HSNI,4
2,HSON,5
2,HSTM,6
1,HTBI,7
3,HTBK,4
3,HTBX,5
2,HTCH,6
2,HTGM,7
2,HTHT,9
2,HTLD,3
2,HTLF,5
1,HTWR,3
1,HUBG,4
2,HURC,5
2,HURN,6
2,HWAY,7
3,HWBK,4
2,HWCC,5
2,HWKN,6
3,HYGS,7
2,HYLS,9
3,HYND,3
2,HYZD,5
2,HZNP,3
2,IACI,4
2,IART,5
2,IBB,6
2,IBCP,7
3,IBKC,4
2,IBKCP,5
2,IBOC,6
2,IBTX,7
1,ICAD,9
2,ICBK,3
2,ICCC,5
2,ICFI,3
1,ICLD,4
2,ICLDW,5
2,ICLR,6
2,ICON,7
3,ICPT,4
2,ICUI,5
2,IDCC,6
2,IDLB,7
3,IDSA,9
2,IDSY,3
2,IDTI,5
2,IDXX,3
2,IEP,4
2,IESC,5
2,IEUS,6
2,IFEU,7
2,IFGL,4
1,IFON,5
2,IFV,6
1,IGLD,7
3,IGOV,9
3,III,3
2,IIIN,5
3,IIJI,3
1,IILG,4
1,IIN,5
2,IIVI,6
2,IKGH,7
2,IKNX,4
2,ILMN,5
2,IMDZ,6
3,IMGN,7
2,IMI,9
2,IMKTA,3
2,IMMR,5
3,IMMU,3
3,IMMY,4
2,IMNP,5
2,IMOS,6
1,INAP,7
3,INBK,4
2,INCR,5
2,INCY,6
2,INDB,7
2,INDY,9
1,INFI,3
3,INFN,5
2,INGN,3
1,ININ,4
1,INNL,5
2,INO,6
3,INOD,7
2,INOV,4
2,INSM,5
2,INSY,6
2,INTC,7
2,INTG,9
2,INTL,3
1,INTLL,5
2,INTX,3
2,INVE,4
2,INVT,5
2,INWK,6
3,IOSP,7
2,IOTS,4
2,IPAR,5
1,IPAS,6
2,IPCC,7
1,IPCI,9
2,IPCM,3
2,IPDN,5
2,IPGP,3
2,IPHS,4
1,IPKW,5
2,IPWR,6
2,IPXL,7
2,IQNT,4
1,IRBT,5
1,IRCP,6
2,IRDM,7
1,IRDMB,9
2,IRG,3
2,IRIX,5
2,IRMD,3
3,IROQ,4
2,IRWD,5
2,ISBC,6
2,ISCA,7
2,ISHG,4
2,ISIG,5
2,ISIL,6
2,ISIS,7
2,ISLE,9
1,ISM,3
2,ISRG,5
2,ISRL,3
3,ISSC,4
2,ISSI,5
1,ISTR,6
2,ITCI,7
2,ITEK,4
3,ITEQ,5
2,ITRI,6
2,ITRN,7
3,ITUS,9
2,IVAC,3
2,IVTY,5
2,IXYS,3
3,JACK,4
2,JAGX,5
2,JAKK,6
2,JASN,7
2,JASNW,4
3,JAXB,5
2,JAZZ,6
2,JBHT,7
2,JBLU,9
2,JBSS,3
1,JCOM,5
2,JCS,3
2,JCTCF,4
2,JD,5
2,JGBB,6
2,JIVE,7
3,JJSF,4
2,JKHY,5
2,JMBA,6
3,JNP,7
2,JOBS,9
2,JOEZ,3
2,JOUT,5
3,JRJC,3
2,JRVR,4
1,JSM,5
2,JTPY,6
2,JUNO,7
2,JVA,4
2,JXSB,5
2,JYNT,6
2,KALU,7
2,KANG,9
2,KBAL,3
3,KBIO,5
2,KBSF,3
2,KCAP,4
2,KCLI,5
3,KE,6
3,KELYA,7
1,KELYB,4
1,KEQU,5
2,KERX,6
1,KEYW,7
3,KFFB,9
2,KFRC,3
1,KGJI,5
2,KHC,3
2,KIN,4
2,KINS,5
2,KIRK,6
3,KITE,7
2,KLAC,4
2,KLIC,5
1,KLOX,6
2,KMDA,7
2,KMPH,9
3,KNDI,3
3,KNMD,5
2,KONE,3
2,KOOL,4
2,KOPN,5
3,KOSS,6
2,KPTI,7
1,KRNT,4
3,KRNY,5
2,KTCC,6
2,KTEC,7
2,KTOS,9
3,KTOV,3
1,KURA,5
2,KVHI,3
2,KWEB,4
2,KZ,5
3,LABL,6
1,LAKE,7
2,LALT,4
2,LAMR,5
2,LANC,6
2,LAND,7
2,LARK,9
2,LAWS,3
3,LAYN,5
2,LBAI,3
3,LBIO,4
3,LBIX,5
2,LBRDA,6
2,LBRDK,7
2,LBTYA,4
2,LBTYB,5
2,LBTYK,6
2,LCNB,7
2,LCUT,9
3,LDRH,3
1,LDRI,5
2,LE,3
1,LECO,4
2,LEDS,5
2,LENS,6
2,LFUS,7
2,LFVN,4
2,LGCY,5
3,LGCYO,6
2,LGCYP,7
2,LGIH,9
1,LGND,3
2,LHCG,5
1,LIFE,3
3,LILA,4
2,LILAK,5
2,LIME,6
2,LINC,7
2,LIND,4
3,LINDW,5
1,LION,6
1,LIOX,7
3,LITE,9
2,LIVE,3
2,LIVN,5
2,LJPC,3
3,LKFN,4
1,LKOR,5
2,LLEX,6
2,LLNW,7
2,LLTC,4
2,LMAT,5
3,LMBS,6
2,LMCB,7
2,LMCK,9
2,LMFAU,3
2,LMNR,5
3,LMNX,3
1,LMOS,4
3,LMRK,5
3,LNCE,6
2,LNCO,7
3,LNDC,4
3,LNTH,5
2,LOAN,6
2,LOB,7
3,LOCO,9
3,LOGI,3
2,LOGM,5
2,LOJN,3
2,LONG,4
1,LOPE,5
2,LORL,6
2,LOXO,7
3,LPCN,4
3,LPLA,5
2,LPNT,6
2,LPSB,7
2,LPSN,9
3,LPTH,3
2,LPTN,5
2,LQDT,3
3,LRAD,4
2,LRCX,5
2,LSBG,6
2,LSBK,7
2,LSCC,4
1,LSTR,5
2,LTBR,6
2,LTRPA,7
2,LTRPB,9
2,LTRX,3
2,LTXB,5
2,LULU,3
2,LUNA,4
2,LVNTA,5
2,LVNTB,6
2,LWAY,7
2,LXRX,4
2,LYTS,5
3,MACK,6
1,MAGS,7
2,MAMS,9
2,MANH,3
2,MANT,5
2,MAPI,3
2,MARA,4
2,MARK,5
2,MARPS,6
2,MASI,7
2,MAT,4
2,MATR,5
3,MATW,6
2,MAUI,7
2,MAYS,9
2,MB,3
1,MBCN,5
2,MBFI,3
2,MBFIP,4
2,MBII,5
2,MBLX,6
2,MBRG,7
2,MBSD,4
2,MBTF,5
2,MBUU,6
3,MBVT,7
3,MBWM,9
3,MCBC,3
3,MCEP,5
2,MCFT,3
3,MCHP,4
2,MCHX,5
2,MCOX,6
2,MCRB,7
2,MCRI,4
3,MCUR,5
2,MDAS,6
2,MDCA,7
2,MDCO,9
2,MDGS,3
2,MDIV,5
1,MDLZ,3
2,MDM,4
3,MDRX,5
2,MDSO,6
2,MDSY,7
2,MDVN,4
2,MDVX,5
2,MDVXW,6
3,MDXG,7
1,MEET,9
2,MEIL,3
2,MEILW,5
2,MELA,3
2,MELI,4
2,MELR,5
2,MEMP,6
3,MENT,7
2,MEOH,4
2,MERC,5
1,MESG,6
1,MESO,7
3,METR,9
3,MFLX,3
1,MFNC,5
2,MFRI,3
2,MFRM,4
2,MFSF,5
2,MGCD,6
2,MGEE,7
2,MGI,4
3,MGIC,5
3,MGLN,6
2,MGNX,7
2,MGPI,9
3,MGRC,3
1,MGYR,5
2,MHGC,3
2,MHLD,4
2,MHLDO,5
2,MICT,6
2,MICTW,7
2,MIFI,4
2,MIK,5
2,MIME,6
1,MIND,7
2,MINI,9
2,MIRN,3
2,MITK,5
2,MITL,3
2,MKSI,4
2,MKTO,5
2,MKTX,6
2,MLAB,7
3,MLHR,4
2,MLNK,5
2,MLNX,6
2,MLVF,7
2,MMAC,9
2,MMLP,3
1,MMSI,5
1,MMYT,3
1,MNDO,4
2,MNGA,5
2,MNKD,6
2,MNOV,7
2,MNRK,4
2,MNRO,5
2,MNST,6
2,MNTA,7
2,MNTX,9
2,MOBI,3
2,MOBL,5
3,MOCO,3
2,MOFG,4
3,MOKO,5
2,MOLG,6
2,MOMO,7
2,MORN,4
2,MOSY,5
2,MPAA,6
1,MPB,7
2,MPEL,9
2,MPET,3
2,MPWR,5
2,MRCC,3
3,MRCY,4
1,MRD,5
2,MRKT,6
2,MRLN,7
3,MRNS,4
2,MRTN,5
1,MRTX,6
1,MRVC,7
2,MRVL,9
2,MSBF,3
2,MSCC,5
2,MSEX,3
3,MSFG,4
3,MSFT,5
2,MSG,6
2,MSLI,7
2,MSON,4
2,MSTR,5
2,MTBC,6
2,MTBCP,7
2,MTEX,9
2,MTGE,3
1,MTGEP,5
2,MTLS,3
3,MTRX,4
1,MTSC,5
1,MTSI,6
2,MTSL,7
2,MTSN,4
3,MU,5
2,MVIS,6
2,MXIM,7
2,MXWL,9
3,MYGN,3
2,MYL,5
2,MYOK,3
3,MYOS,4
2,MYRG,5
3,MZOR,6
3,NAII,7
2,NAME,4
2,NANO,5
3,NATH,6
3,NATI,7
2,NATL,9
3,NATR,3
3,NAUH,5
2,NAVG,3
2,NAVI,4
2,NBBC,5
3,NBCP,6
2,NBN,7
2,NBRV,4
3,NBTB,5
2,NCIT,6
3,NCLH,7
2,NCMI,9
1,NCOM,3
3,NCTY,5
2,NDAQ,3
2,NDLS,4
3,NDRM,5
3,NDSN,6
2,NECB,7
2,NEO,4
3,NEOG,5
2,NEON,6
2,NEOS,7
3,NEOT,9
2,NEPT,3
2,NERV,5
2,NETE,3
2,NEWP,4
1,NEWS,5
3,NEWT,6
2,NEWTZ,7
1,NFEC,4
2,NFLX,5
2,NGHC,6
2,NGHCO,7
2,NGHCZ,9
2,NHTC,3
3,NICE,5
2,NICK,3
2,NIHD,4
1,NILE,5
3,NK,6
2,NKSH,7
3,NKTR,4
2,NLNK,5
2,NLST,6
2,NMIH,7
3,NMRX,9
2,NNBR,3
3,NPBC,5
2,NRCIA,3
3,NRCIB,4
1,NRIM,5
3,NRX,6
2,NSEC,7
2,NSIG,4
1,NSPH,5
2,NSSC,6
2,NSTG,7
3,NSYS,9
2,NTAP,3
2,NTCT,5
2,NTEC,3
2,NTES,4
2,NTGR,5
2,NTIC,6
2,NTK,7
1,NTLS,4
3,NTRA,5
3,NTRI,6
1,NTRS,7
2,NTRSP,9
3,NTWK,3
2,NUAN,5
2,NURO,3
2,NUROW,4
3,NUVA,5
2,NVAX,6
2,NVCN,7
3,NVCR,4
2,NVDA,5
2,NVDQ,6
1,NVEC,7
3,NVEE,9
2,NVET,3
2,NVFY,5
2,NVGN,3
2,NVIV,4
3,NVLS,5
2,NVMI,6
3,NVSL,7
2,NWBI,4
2,NWBO,5
3,NWBOW,6
2,NWLI,7
1,NWPX,9
2,NWS,3
2,NWSA,5
2,NXPI,3
2,NXST,4
2,NXTD,5
2,NXTDW,6
2,NYMT,7
1,NYMTO,4
2,NYNY,5
3,OASM,6
2,OBAS,7
2,OBCI,9
2,OCAT,3
3,OCC,5
2,OCFC,3
3,OCLR,4
3,OCLS,5
2,OCLSW,6
2,OCUL,7
3,ODFL,4
2,ODP,5
2,OESX,6
2,OFED,7
2,OFIX,9
1,OFLX,3
3,OFS,5
2,OGXI,3
2,OHAI,4
2,OHGI,5
2,OHRP,6
2,OIIM,7
2,OKSB,4
3,OLBK,5
3,OLED,6
2,OLLI,7
2,OMAB,9
2,OMCL,3
2,OMED,5
1,OMER,3
1,OMEX,4
2,ON,5
2,ONB,6
2,ONCE,7
2,ONCS,4
2,ONEQ,5
3,ONFC,6
2,ONTX,7
2,ONTY,9
3,ONVI,3
2,OPB,5
2,OPGN,3
2,OPGNW,4
2,OPHT,5
2,OPOF,6
2,OPTT,7
2,OPXAW,4
3,ORBK,5
1,OREX,6
3,ORIG,7
3,ORIT,9
1,ORLY,3
2,ORMP,5
2,ORPN,3
2,ORRF,4
2,OSBC,5
3,OSBCP,6
2,OSIR,7
3,OSIS,4
2,OSM,5
2,OSTK,6
3,OSUR,7
3,OTEL,9
2,OTEX,3
2,OTIC,5
1,OTIV,3
2,OTTR,4
2,OUTR,5
2,OVAS,6
3,OVBC,7
2,OVLY,4
2,OVTI,5
2,OXBR,6
2,OXBRW,7
3,OXGN,9
2,OXLC,3
3,OXLCN,5
2,OXLCO,3
2,PAAC,4
2,PACB,5
1,PACE,6
2,PAGG,7
2,PAHC,4
2,PANL,5
2,PARN,6
2,PATI,7
2,PATK,9
1,PAYX,3
2,PBCP,5
2,PBCT,3
2,PBHC,4
2,PBIB,5
2,PBIP,6
2,PBMD,7
2,PBPB,4
3,PBSK,5
2,PCAR,6
2,PCBK,7
3,PCCC,9
1,PCH,3
2,PCLN,5
2,PCMI,3
2,PCO,4
3,PCOM,5
2,PCRX,6
2,PCTI,7
2,PCTY,4
2,PCYG,5
3,PCYO,6
2,PDBC,7
2,PDCO,9
2,PDEX,3
2,PDFS,5
3,PDII,3
2,PDLI,4
1,PDVW,5
3,PEBK,6
2,PEBO,7
3,PEGA,4
2,PEGI,5
2,PEIX,6
2,PENN,7
2,PERF,9
2,PERI,3
2,PERY,5
3,PESI,3
2,PETS,4
3,PETX,5
3,PFBC,6
3,PFBI,7
2,PFBX,4
2,PFIE,5
2,PFIN,6
2,PFIS,7
3,PFLT,9
3,PFMT,3
2,PFPT,5
2,PFSW,3
3,PGC,4
3,PGLC,5
2,PGNX,6
3,PGTI,7
1,PHII,4
3,PHIIK,5
3,PHMD,6
2,PICO,7
3,PIH,9
2,PINC,3
2,PIRS,5
2,PKBK,3
2,PKOH,4
3,PLAB,5
1,PLAY,6
2,PLBC,7
2,PLCE,4
2,PLCM,5
2,PLKI,6
2,PLNR,7
2,PLPC,9
3,PLPM,3
2,PLTM,5
2,PLUG,3
3,PLUS,4
1,PLXS,5
2,PMBC,6
2,PMCS,7
2,PMD,4
2,PME,5
2,PMTS,6
1,PMV,7
2,PNFP,9
2,PNK,3
2,PNNT,5
3,PNQI,3
3,PNRA,4
2,PNRG,5
2,PNTR,6
2,PODD,7
2,POOL,4
2,POPE,5
3,POWI,6
2,POWL,7
3,POZN,9
3,PPBI,3
3,PPC,5
2,PPHM,3
3,PPHMP,4
2,PPSI,5
2,PRAA,6
2,PRAH,7
2,PRAN,4
2,PRCP,5
2,PRFT,6
1,PRFZ,7
2,PRGN,9
2,PRGNL,3
2,PRGX,5
2,PRIM,3
2,PRKR,4
2,PRMW,5
3,PROV,6
2,PRPH,7
2,PRQR,4
3,PRSC,5
1,PRSN,6
2,PRSNW,7
2,PRTA,9
2,PRTK,3
3,PRTO,5
3,PRTS,3
2,PRXI,4
2,PRXL,5
2,PRZM,6
2,PSAU,7
2,PSBH,4
2,PSCC,5
2,PSCD,6
2,PSCE,7
2,PSCF,9
2,PSCH,3
3,PSCI,5
2,PSCM,3
2,PSCT,4
3,PSCU,5
2,PSDV,6
2,PSEC,7
2,PSEM,4
3,PSIX,5
3,PSMT,6
2,PSTB,7
3,PSTI,9
2,PSUN,3
2,PTC,5
2,PTCT,3
1,PTEN,4
2,PTIE,5
2,PTLA,6
2,PTNR,7
1,PTSI,4
3,PTX,5
3,PTXP,6
1,PUB,7
3,PULB,9
3,PULM,3
2,PUMP,5
2,PVTB,3
2,PVTBP,4
3,PWX,5
2,PXLW,6
2,PXS,7
2,PYDS,4
2,PYPL,5
2,PZZA,6
2,QABA,7
2,QADA,9
3,QADB,3
3,QAT,5
2,QBAK,3
2,QCCO,4
2,QCLN,5
2,QCOM,6
2,QCRH,7
3,QDEL,4
1,QGEN,5
2,QINC,6
2,QIWI,7
2,QKLS,9
2,QLC,3
2,QLIK,5
2,QLTI,3
2,QLYS,4
2,QNST,5
3,QPAC,6
3,QPACU,7
1,QQQ,4
2,QQQC,5
2,QQQX,6
3,QQXT,7
2,QRHC,9
2,QRVO,3
2,QSII,5
1,QTEC,3
3,QTNT,4
3,QTWW,5
2,QUIK,6
2,QUMU,7
2,QUNR,4
2,QURE,5
3,QVCA,6
2,QVCB,7
2,QYLD,9
2,RADA,3
2,RAIL,5
3,RAND,3
2,RARE,4
2,RAVE,5
2,RAVN,6
1,RBCAA,7
1,RBCN,4
2,RBIO,5
2,RCII,6
1,RCKY,7
2,RCMT,9
2,RCON,3
2,RDCM,5
2,RDEN,3
3,RDHL,4
2,RDI,5
3,RDIB,6
3,RDNT,7
3,RDUS,4
2,RDVY,5
2,RDWR,6
1,RECN,7
1,REDF,9
2,REFR,3
2,REGI,5
3,REGN,3
2,REIS,4
3,RELL,5
2,RELV,6
2,RELY,7
3,RENT,4
1,REPH,5
2,RESN,6
2,REXI,7
2,REXX,9
2,RFIL,3
2,RGCO,5
2,RGEN,3
1,RGLD,4
2,RGLS,5
3,RGNX,6
1,RGSE,7
2,RIBT,4
2,RIBTW,5
2,RIGL,6
3,RILY,7
2,RITT,9
2,RITTW,3
2,RJET,5
3,RKDA,3
3,RLJE,4
2,RLOC,5
2,RLOG,6
2,RLYP,7
1,RMBS,4
2,RMCF,5
2,RMGN,6
2,RMI,7
1,RNET,9
3,RNST,3
2,RNVA,5
2,ROBO,3
2,ROCK,4
1,ROIA,5
2,ROIAK,6
2,ROIC,7
2,ROKA,4
2,ROLL,5
2,ROSG,6
2,ROST,7
2,ROVI,9
1,ROYL,3
2,RP,5
2,RPD,3
1,RPRX,4
2,RPRXW,5
1,RPXC,6
1,RRD,7
2,RRGB,4
1,RRM,5
2,RSAS,6
1,RSYS,7
2,RTIX,9
3,RTK,3
2,RTRX,5
1,RTTR,3
2,RUN,4
1,RUSHA,5
1,RUSHB,6
1,RUTH,7
1,RVLT,4
2,RVNC,5
1,RVSB,6
2,RWLK,7
2,RXDX,9
3,RXII,3
2,RYAAY,5
2,SAAS,3
1,SABR,4
2,SAEX,5
2,SAFM,6
2,SAFT,7
1,SAGE,4
2,SAIA,5
1,SAJA,6
2,SAL,7
2,SALE,9
3,SALM,3
2,SAMG,5
2,SANM,3
2,SANW,4
1,SATS,5
2,SAUC,6
2,SAVE,7
2,SBAC,4
2,SBBP,5
2,SBBX,6
2,SBCF,7
1,SBCP,9
2,SBFG,3
2,SBFGP,5
2,SBLK,3
3,SBLKL,4
2,SBNYW,5
2,SBRA,6
2,SBRAP,7
2,SBSA,4
2,SBSI,5
1,SBUX,6
2,SCAI,7
2,SCHL,9
2,SCHN,3
3,SCLN,5
3,SCMP,3
1,SCON,4
2,SCOR,5
2,SCSC,6
2,SCSS,7
2,SCTY,4
2,SCVL,5
3,SCYX,6
2,SEAC,7
3,SEDG,9
1,SEED,3
2,SEIC,5
2,SEMI,3
3,SENEA,4
3,SENEB,5
3,SEV,6
2,SFBC,7
2,SFBS,4
2,SFLY,5
2,SFM,6
2,SFNC,7
2,SFST,9
2,SFXE,3
2,SGBK,5
3,SGC,3
3,SGEN,4
2,SGI,5
3,SGMA,6
2,SGMO,7
3,SGMS,4
1,SGNL,5
2,SGNT,6
3,SGOC,7
2,SGRP,9
2,SGRY,3
1,SGYP,5
1,SGYPU,3
2,SGYPW,4
2,SHEN,5
2,SHIP,6
2,SHLD,7
2,SHLDW,4
1,SHLO,5
2,SHOO,6
2,SHOR,7
1,SHOS,9
3,SHPG,3
2,SIBC,5
2,SIEB,3
2,SIEN,4
2,SIFI,5
2,SIFY,6
3,SIGI,7
2,SIGM,4
3,SILC,5
3,SIMO,6
2,SINA,7
2,SINO,9
2,SIRI,3
2,SIRO,5
2,SITO,3
2,SIVB,4
2,SIVBO,5
3,SKBI,6
2,SKIS,7
2,SKLN,4
2,SKLNU,5
2,SKUL,6
2,SKYS,7
3,SKYW,9
2,SKYY,3
3,SLAB,5
2,SLCT,3
2,SLGN,4
2,SLM,5
2,SLMAP,6
2,SLMBP,7
3,SLP,4
2,SLRC,5
1,SLTD,6
2,SLVO,7
2,SMBC,9
2,SMCI,3
2,SMCP,5
2,SMED,3
2,SMIT,4
2,SMLR,5
2,SMMF,6
2,SMMT,7
2,SMRT,4
3,SMSI,5
2,SMT,6
2,SMTC,7
2,SMTP,9
2,SMTX,3
2,SNAK,5
2,SNBC,3
3,SNC,4
3,SNCR,5
2,SNDE,6
2,SNDX,7
2,SNHY,4
1,SNMX,5
3,SNPS,6
2,SNSS,7
2,SNTA,9
2,SOCB,3
2,SOCL,5
2,SODA,3
3,SOFO,4
2,SOHO,5
2,SOHOL,6
2,SONA,7
2,SONC,4
2,SONS,5
3,SORL,6
2,SOXX,7
3,SP,9
1,SPAN,3
2,SPAR,5
2,SPCB,3
2,SPDC,4
2,SPEX,5
2,SPHS,6
2,SPIL,7
2,SPKE,4
3,SPLK,5
2,SPLS,6
2,SPNC,7
1,SPNE,9
2,SPNS,3
3,SPOK,5
3,SPPI,3
3,SPRO,4
2,SPRT,5
2,SPSC,6
2,SPTN,7
1,SPU,4
2,SPWH,5
3,SQI,6
3,SQNM,7
3,SQQQ,9
3,SRCE,3
1,SRCL,5
2,SRCLP,3
3,SRET,4
2,SREV,5
3,SRNE,6
3,SRPT,7
2,SRSC,4
1,SRVA,5
2,SSBI,6
2,SSFN,7
2,SSH,9
2,SSNC,3
2,SSRG,5
2,SSRI,3
3,SSYS,4
2,STAA,5
3,STAF,6
2,STB,7
3,STBA,4
2,STBZ,5
1,STCK,6
3,STDY,7
2,STEM,9
2,STFC,3
1,STIM,5
1,STKS,3
2,STLD,4
2,STLY,5
2,STML,6
2,STMP,7
2,STNR,4
1,STPP,5
2,STRA,6
1,STRL,7
2,STRM,9
2,STRS,3
2,STRT,5
3,STRZA,3
2,STRZB,4
2,STX,5
2,STXS,6
2,SUBK,7
3,SUMR,4
2,SUNS,5
3,SUPN,6
1,SVA,7
3,SVBI,9
2,SVVC,3
2,SWHC,5
1,SWIR,3
1,SWKS,4
2,SWSH,5
2,SXCL,6
2,SYBT,7
1,SYKE,4
2,SYMC,5
2,SYMX,6
2,SYNA,7
2,SYNC,9
2,SYNL,3
2,SYNT,5
2,SYPR,3
2,SYRX,4
2,SYUT,5
3,SZMK,6
2,SZYM,7
3,TACO,4
3,TACOW,5
2,TAIT,6
2,TANH,7
2,TAPR,9
1,TAST,3
3,TATT,5
2,TAX,3
3,TAXI,4
3,TAYD,5
2,TBBK,6
3,TBIO,7
2,TBK,4
3,TBNK,5
3,TBPH,6
1,TBRA,7
3,TCBI,9
2,TCBIL,3
2,TCBIW,5
1,TCCO,3
2,TCFC,4
2,TCON,5
2,TCPC,6
1,TCRD,7
3,TCX,4
3,TDIV,5
1,TEAR,6
2,TECD,7
2,TECH,9
2,TEDU,3
1,TENX,5
2,TERP,3
2,TESO,4
3,TESS,5
2,TFM,6
2,TFSC,7
2,TFSCR,4
2,TFSCW,5
2,TGA,6
2,TGEN,7
2,TGLS,9
3,TGTX,3
1,THFF,5
3,THLD,3
3,THRM,4
2,THRX,5
2,THST,6
2,THTI,7
2,TICC,4
3,TIL,5
2,TILE,6
2,TINY,7
2,TIPT,9
3,TISA,3
2,TITN,5
3,TIVO,3
1,TKAI,4
3,TLF,5
2,TLGT,6
3,TLMR,7
2,TLOG,4
2,TMUS,5
2,TMUSP,6
3,TNDM,7
3,TNGO,9
3,TNXP,3
2,TOPS,5
2,TOR,3
2,TORM,4
2,TOUR,5
2,TOWN,6
2,TQQQ,7
2,TRCB,4
2,TRCH,5
2,TREE,6
2,TRIB,7
3,TRIL,9
2,TRIP,3
2,TRIV,5
2,TRMB,3
2,TRMK,4
2,TRNS,5
2,TROV,6
3,TROVU,7
2,TRS,4
1,TRST,5
1,TRTL,6
3,TRTLU,7
3,TRTLW,9
1,TRVN,3
1,TSBK,5
2,TSC,3
3,TSCO,4
2,TSEM,5
2,TSLA,6
2,TSRA,7
2,TSRI,4
2,TSRO,5
2,TST,6
2,TSYS,7
3,TTEC,9
2,TTEK,3
2,TTGT,5
3,TTHI,3
2,TTMI,4
1,TTNP,5
2,TTOO,6
3,TTPH,7
3,TTS,4
1,TTWO,5
2,TUBE,6
3,TUES,7
3,TUSA,9
2,TUTI,3
2,TUTT,5
2,TVIX,3
2,TVIZ,4
2,TWER,5
2,TWIN,6
2,TWMC,7
2,TWOU,4
1,TXN,5
2,TXRH,6
2,TYPE,7
2,TZOO,9
2,UACL,3
3,UAE,5
2,UBCP,3
2,UBFO,4
2,UBIC,5
3,UBIO,6
2,UBNK,7
1,UBNT,4
2,UBOH,5
2,UBSH,6
2,UBSI,7
2,UCBA,9
2,UCBI,3
2,UCFC,5
3,UCTT,3
2,UDF,4
1,UEIC,5
1,UEPS,6
1,UFCS,7
2,UFPI,4
2,UFPT,5
2,UG,6
2,UGLD,7
2,UHAL,9
2,UIHC,3
3,UK,5
2,ULBI,3
2,ULTA,4
2,ULTI,5
2,ULTR,6
2,UMBF,7
2,UMPQ,4
2,UNAM,5
2,UNB,6
2,UNFI,7
2,UNIS,9
2,UNTD,3
2,UNTY,5
2,UNXL,3
2,UPIP,4
2,UPLD,5
2,URBN,6
2,UREE,7
2,USAK,4
3,USAP,5
2,USAT,6
2,USATP,7
2,USBI,9
2,USCR,3
1,USEG,5
2,USLB,3
3,USLV,4
2,USMD,5
2,UTEK,6
3,UTES,7
2,UTIW,4
1,UTMD,5
3,UTSI,6
2,UVSP,7
3,VA,9
2,VALU,3
2,VALX,5
2,VASC,3
1,VBFC,4
2,VBIV,5
2,VBLT,6
2,VBND,7
3,VBTX,4
3,VCEL,5
2,VCIT,6
2,VCLT,7
2,VCSH,9
2,VCYT,3
3,VDSI,5
1,VDTH,3
1,VECO,4
1,VGGL,5
2,VGIT,6
3,VGLT,7
2,VGSH,4
1,VIA,5
2,VIAB,6
2,VIAV,7
2,VICL,9
2,VICR,3
3,VIDI,5
2,VIIZ,3
2,VIMC,4
3,VIP,5
2,VIRC,6
2,VIRT,7
2,VISN,4
2,VIVO,5
1,VKTX,6
2,VLGEA,7
3,VLRX,9
2,VMBS,3
2,VNDA,5
3,VNET,3
2,VNOM,4
2,VNQI,5
2,VNR,6
1,VNRAP,7
2,VNRCP,4
2,VONE,5
1,VONG,6
3,VONV,7
3,VOXX,9
2,VPCO,3
2,VPCOU,5
3,VRML,3
2,VRNG,4
2,VRNS,5
3,VRNT,6
2,VRSK,7
2,VRSN,4
2,VRTA,5
2,VRTB,6
2,VRTS,7
2,VRTU,9
2,VRTX,3
2,VSAR,5
3,VSAT,3
2,VSCP,4
2,VSEC,5
3,VSTM,6
2,VTAE,7
3,VTHR,4
2,VTIP,5
2,VTL,6
3,VTNR,7
2,VTVT,9
3,VTWG,3
2,VTWO,5
1,VTWV,3
2,VUSE,4
3,VUZI,5
2,VVUS,6
2,VWOB,7
3,VWR,4
2,VXDN,5
2,VXUP,6
2,VYGR,7
1,WABC,9
2,WAFD,3
2,WAFDW,5
1,WATT,3
2,WAVX,4
2,WAYN,5
2,WB,6
2,WBA,7
2,WBB,4
2,WBKC,5
2,WBMD,6
2,WDC,7
2,WDFC,9
2,WEB,3
2,WEBK,5
2,WEN,3
2,WERN,4
2,WETF,5
2,WEYS,6
3,WFBI,7
3,WFD,4
2,WFM,5
2,WGBS,6
2,WHF,7
3,WHFBL,9
2,WHLR,3
2,WHLRP,5
2,WHLRW,3
1,WIFI,4
3,WILC,5
2,WILN,6
2,WIN,7
1,WINA,4
3,WING,5
1,WINS,6
2,WIRE,7
1,WIX,9
1,WLB,3
2,WLDN,5
2,WLFC,3
2,WLRH,4
1,WLRHU,5
3,WLRHW,6
3,WMGI,7
2,WMGIZ,4
3,WNFM,5
3,WOOF,6
2,WOWO,7
1,WPCS,9
2,WPPGY,3
2,WPRT,5
2,WRES,3
2,WRLD,4
3,WSBC,5
2,WSBF,6
3,WSCI,7
2,WSFS,4
2,WSFSL,5
2,WSTG,6
2,WSTL,7
2,WTBA,9
3,WTFC,3
2,WTFCM,5
3,WVFC,3
2,WVVI,4
2,WVVIP,5
2,WYIG,6
2,WYIGW,7
2,XBIT,4
3,XBKS,5
2,XCOM,6
2,XCRA,7
3,XELB,9
2,XENE,3
2,XENT,5
3,XGTI,3
2,XGTIW,4
3,XLNX,5
2,XLRN,6
2,XNCR,7
1,XNET,4
3,XNPT,5
3,XOMA,6
2,XONE,7
2,XPLR,9
2,XRAY,3
2,XTLB,5
2,XXIA,3
2,YCB,4
2,YDIV,5
2,YECO,6
2,YHOO,7
2,YLCO,4
2,YNDX,5
2,YOD,6
2,YORW,7
3,YPRO,9
2,YRCW,3
1,YY,5
2,Z,3
2,ZAGG,4
3,ZAIS,5
2,ZBIO,6
2,ZBRA,7
2,ZEUS,4
2,ZFGN,5
3,ZG,6
2,ZGNX,7
3,ZHNE,9
2,ZINC,3
2,ZION,5
2,ZIONW,3
2,ZIV,4
2,ZIXI,5
3,ZLTQ,6
2,ZN,7
2,ZNGA,4
2,ZNWAA,5
2,ZSPH,6
2,ZUMZ,7
3,ZYNE,9
